Endpoint,LatencyMs,StatusCode,Timestamp
"https://jsonplaceholder.typicode.com/posts",964,200,2025-05-23T17:48:03.8853150+05:30
"https://jsonplaceholder.typicode.com/posts",963,200,2025-05-23T17:48:03.8853240+05:30
"https://jsonplaceholder.typicode.com/posts",863,200,2025-05-23T17:48:03.8853200+05:30
"https://jsonplaceholder.typicode.com/posts",997,200,2025-05-23T17:48:03.9189650+05:30
"https://jsonplaceholder.typicode.com/posts",963,200,2025-05-23T17:48:03.8853110+05:30
"https://jsonplaceholder.typicode.com/posts",976,200,2025-05-23T17:48:03.8977230+05:30
"https://jsonplaceholder.typicode.com/posts",998,200,2025-05-23T17:48:03.9200070+05:30
"https://jsonplaceholder.typicode.com/posts",974,200,2025-05-23T17:48:03.8962030+05:30
"https://jsonplaceholder.typicode.com/posts",999,200,2025-05-23T17:48:03.9203970+05:30
"https://jsonplaceholder.typicode.com/posts",1000,200,2025-05-23T17:48:03.9213100+05:30
"https://jsonplaceholder.typicode.com/posts",1000,200,2025-05-23T17:48:03.9212810+05:30
"https://jsonplaceholder.typicode.com/posts",1000,200,2025-05-23T17:48:03.9210480+05:30
"https://jsonplaceholder.typicode.com/posts",1010,200,2025-05-23T17:48:03.9319140+05:30
"https://jsonplaceholder.typicode.com/posts",914,200,2025-05-23T17:48:03.9353260+05:30
"https://jsonplaceholder.typicode.com/posts",1015,200,2025-05-23T17:48:03.9360960+05:30
"https://jsonplaceholder.typicode.com/posts",1028,200,2025-05-23T17:48:03.9497450+05:30
"https://jsonplaceholder.typicode.com/posts",941,200,2025-05-23T17:48:03.9628480+05:30
"https://jsonplaceholder.typicode.com/posts",942,200,2025-05-23T17:48:03.9631620+05:30
"https://jsonplaceholder.typicode.com/posts",1042,200,2025-05-23T17:48:03.9639660+05:30
"https://jsonplaceholder.typicode.com/posts",1042,200,2025-05-23T17:48:03.9631870+05:30
"https://jsonplaceholder.typicode.com/posts",172,200,2025-05-23T17:48:04.1030440+05:30
"https://jsonplaceholder.typicode.com/posts",174,200,2025-05-23T17:48:04.1028970+05:30
"https://jsonplaceholder.typicode.com/posts",190,200,2025-05-23T17:48:04.1234850+05:30
"https://jsonplaceholder.typicode.com/posts",213,200,2025-05-23T17:48:04.1455040+05:30
"https://jsonplaceholder.typicode.com/posts",212,200,2025-05-23T17:48:04.1458260+05:30
"https://jsonplaceholder.typicode.com/posts",214,200,2025-05-23T17:48:04.1458560+05:30
"https://jsonplaceholder.typicode.com/posts",214,200,2025-05-23T17:48:04.1460930+05:30
"https://jsonplaceholder.typicode.com/posts",213,200,2025-05-23T17:48:04.1459420+05:30
"https://jsonplaceholder.typicode.com/posts",223,200,2025-05-23T17:48:04.1568580+05:30
"https://jsonplaceholder.typicode.com/posts",228,200,2025-05-23T17:48:04.1569140+05:30
"https://jsonplaceholder.typicode.com/posts",223,200,2025-05-23T17:48:04.1570440+05:30
"https://jsonplaceholder.typicode.com/posts",246,200,2025-05-23T17:48:04.1720640+05:30
"https://jsonplaceholder.typicode.com/posts",239,200,2025-05-23T17:48:04.1724700+05:30
"https://jsonplaceholder.typicode.com/posts",236,200,2025-05-23T17:48:04.1728970+05:30
"https://jsonplaceholder.typicode.com/posts",235,200,2025-05-23T17:48:04.1729730+05:30
"https://jsonplaceholder.typicode.com/posts",248,200,2025-05-23T17:48:04.1998480+05:30
"https://jsonplaceholder.typicode.com/posts",236,200,2025-05-23T17:48:04.2016540+05:30
"https://jsonplaceholder.typicode.com/posts",234,200,2025-05-23T17:48:04.2020630+05:30
"https://jsonplaceholder.typicode.com/posts",235,200,2025-05-23T17:48:04.2019260+05:30
"https://jsonplaceholder.typicode.com/posts",237,200,2025-05-23T17:48:04.2019290+05:30
"https://jsonplaceholder.typicode.com/posts",168,200,2025-05-23T17:48:04.2738530+05:30
"https://jsonplaceholder.typicode.com/posts",172,200,2025-05-23T17:48:04.2775150+05:30
"https://jsonplaceholder.typicode.com/posts",169,200,2025-05-23T17:48:04.2950220+05:30
"https://jsonplaceholder.typicode.com/posts",171,200,2025-05-23T17:48:04.3225890+05:30
"https://jsonplaceholder.typicode.com/posts",173,200,2025-05-23T17:48:04.3256830+05:30
"https://jsonplaceholder.typicode.com/posts",176,200,2025-05-23T17:48:04.3257630+05:30
"https://jsonplaceholder.typicode.com/posts",178,200,2025-05-23T17:48:04.3257400+05:30
"https://jsonplaceholder.typicode.com/posts",176,200,2025-05-23T17:48:04.3257330+05:30
"https://jsonplaceholder.typicode.com/posts",174,200,2025-05-23T17:48:04.3328950+05:30
"https://jsonplaceholder.typicode.com/posts",172,200,2025-05-23T17:48:04.3329480+05:30
"https://jsonplaceholder.typicode.com/posts",184,200,2025-05-23T17:48:04.3437320+05:30
"https://jsonplaceholder.typicode.com/posts",185,200,2025-05-23T17:48:04.3590590+05:30
"https://jsonplaceholder.typicode.com/posts",191,200,2025-05-23T17:48:04.3679410+05:30
"https://jsonplaceholder.typicode.com/posts",191,200,2025-05-23T17:48:04.3678860+05:30
"https://jsonplaceholder.typicode.com/posts",191,200,2025-05-23T17:48:04.3679070+05:30
"https://jsonplaceholder.typicode.com/posts",186,200,2025-05-23T17:48:04.3900440+05:30
"https://jsonplaceholder.typicode.com/posts",189,200,2025-05-23T17:48:04.3907540+05:30
"https://jsonplaceholder.typicode.com/posts",184,200,2025-05-23T17:48:04.3900860+05:30
"https://jsonplaceholder.typicode.com/posts",187,200,2025-05-23T17:48:04.3900690+05:30
"https://jsonplaceholder.typicode.com/posts",185,200,2025-05-23T17:48:04.3901260+05:30
"https://jsonplaceholder.typicode.com/posts",165,200,2025-05-23T17:48:04.4408440+05:30
"https://jsonplaceholder.typicode.com/posts",162,200,2025-05-23T17:48:04.4412080+05:30
"https://jsonplaceholder.typicode.com/posts",164,200,2025-05-23T17:48:04.4608300+05:30
"https://jsonplaceholder.typicode.com/posts",159,200,2025-05-23T17:48:04.4838210+05:30
"https://jsonplaceholder.typicode.com/posts",168,200,2025-05-23T17:48:04.4952350+05:30
"https://jsonplaceholder.typicode.com/posts",166,200,2025-05-23T17:48:04.4952710+05:30
"https://jsonplaceholder.typicode.com/posts",168,200,2025-05-23T17:48:04.4958770+05:30
"https://jsonplaceholder.typicode.com/posts",166,200,2025-05-23T17:48:04.4957320+05:30
"https://jsonplaceholder.typicode.com/posts",168,200,2025-05-23T17:48:04.5028430+05:30
"https://jsonplaceholder.typicode.com/posts",167,200,2025-05-23T17:48:04.5028600+05:30
"https://jsonplaceholder.typicode.com/posts",180,200,2025-05-23T17:48:04.5257860+05:30
"https://jsonplaceholder.typicode.com/posts",180,200,2025-05-23T17:48:04.5410190+05:30
"https://jsonplaceholder.typicode.com/posts",177,200,2025-05-23T17:48:04.5469380+05:30
"https://jsonplaceholder.typicode.com/posts",177,200,2025-05-23T17:48:04.5478100+05:30
"https://jsonplaceholder.typicode.com/posts",176,200,2025-05-23T17:48:04.5482610+05:30
"https://jsonplaceholder.typicode.com/posts",185,200,2025-05-23T17:48:04.5779390+05:30
"https://jsonplaceholder.typicode.com/posts",186,200,2025-05-23T17:48:04.5781140+05:30
"https://jsonplaceholder.typicode.com/posts",182,200,2025-05-23T17:48:04.5780570+05:30
"https://jsonplaceholder.typicode.com/posts",182,200,2025-05-23T17:48:04.5780010+05:30
"https://jsonplaceholder.typicode.com/posts",184,200,2025-05-23T17:48:04.5780030+05:30
"https://jsonplaceholder.typicode.com/posts",160,200,2025-05-23T17:48:04.6033590+05:30
"https://jsonplaceholder.typicode.com/posts",160,200,2025-05-23T17:48:04.6047290+05:30
"https://jsonplaceholder.typicode.com/posts",160,200,2025-05-23T17:48:04.6226460+05:30
"https://jsonplaceholder.typicode.com/posts",159,200,2025-05-23T17:48:04.6448820+05:30
"https://jsonplaceholder.typicode.com/posts",159,200,2025-05-23T17:48:04.6586870+05:30
"https://jsonplaceholder.typicode.com/posts",167,200,2025-05-23T17:48:04.6643980+05:30
"https://jsonplaceholder.typicode.com/posts",164,200,2025-05-23T17:48:04.6644410+05:30
"https://jsonplaceholder.typicode.com/posts",163,200,2025-05-23T17:48:04.6644380+05:30
"https://jsonplaceholder.typicode.com/posts",165,200,2025-05-23T17:48:04.6710730+05:30
"https://jsonplaceholder.typicode.com/posts",167,200,2025-05-23T17:48:04.6714140+05:30
"https://jsonplaceholder.typicode.com/posts",171,200,2025-05-23T17:48:04.6987030+05:30
"https://jsonplaceholder.typicode.com/posts",173,200,2025-05-23T17:48:04.7160200+05:30
"https://jsonplaceholder.typicode.com/posts",176,200,2025-05-23T17:48:04.7256620+05:30
"https://jsonplaceholder.typicode.com/posts",177,200,2025-05-23T17:48:04.7256850+05:30
"https://jsonplaceholder.typicode.com/posts",176,200,2025-05-23T17:48:04.7269740+05:30
"https://jsonplaceholder.typicode.com/posts",173,200,2025-05-23T17:48:04.7567710+05:30
"https://jsonplaceholder.typicode.com/posts",177,200,2025-05-23T17:48:04.7568390+05:30
"https://jsonplaceholder.typicode.com/posts",175,200,2025-05-23T17:48:04.7588530+05:30
"https://jsonplaceholder.typicode.com/posts",176,200,2025-05-23T17:48:04.7596770+05:30
"https://jsonplaceholder.typicode.com/posts",178,200,2025-05-23T17:48:04.7616670+05:30
"https://jsonplaceholder.typicode.com/posts",163,200,2025-05-23T17:48:04.7677310+05:30
"https://jsonplaceholder.typicode.com/posts",162,200,2025-05-23T17:48:04.7683820+05:30
"https://jsonplaceholder.typicode.com/posts",166,200,2025-05-23T17:48:04.7903260+05:30
"https://jsonplaceholder.typicode.com/posts",158,200,2025-05-23T17:48:04.8050850+05:30
"https://jsonplaceholder.typicode.com/posts",163,200,2025-05-23T17:48:04.8234400+05:30
"https://jsonplaceholder.typicode.com/posts",163,200,2025-05-23T17:48:04.8289680+05:30
"https://jsonplaceholder.typicode.com/posts",162,200,2025-05-23T17:48:04.8298320+05:30
"https://jsonplaceholder.typicode.com/posts",162,200,2025-05-23T17:48:04.8298550+05:30
"https://jsonplaceholder.typicode.com/posts",161,200,2025-05-23T17:48:04.8352430+05:30
"https://jsonplaceholder.typicode.com/posts",166,200,2025-05-23T17:48:04.8386320+05:30
"https://jsonplaceholder.typicode.com/posts",176,200,2025-05-23T17:48:04.8766680+05:30
"https://jsonplaceholder.typicode.com/posts",175,200,2025-05-23T17:48:04.8926740+05:30
"https://jsonplaceholder.typicode.com/posts",175,200,2025-05-23T17:48:04.9047150+05:30
"https://jsonplaceholder.typicode.com/posts",175,200,2025-05-23T17:48:04.9047150+05:30
"https://jsonplaceholder.typicode.com/posts",186,200,2025-05-23T17:48:04.9139610+05:30
"https://jsonplaceholder.typicode.com/posts",162,200,2025-05-23T17:48:04.9318380+05:30
"https://jsonplaceholder.typicode.com/posts",164,200,2025-05-23T17:48:04.9347980+05:30
"https://jsonplaceholder.typicode.com/posts",178,200,2025-05-23T17:48:04.9380240+05:30
"https://jsonplaceholder.typicode.com/posts",176,200,2025-05-23T17:48:04.9381140+05:30
"https://jsonplaceholder.typicode.com/posts",180,200,2025-05-23T17:48:04.9416600+05:30
"https://jsonplaceholder.typicode.com/posts",183,200,2025-05-23T17:48:04.9416760+05:30
"https://jsonplaceholder.typicode.com/posts",178,200,2025-05-23T17:48:04.9416710+05:30
"https://jsonplaceholder.typicode.com/posts",158,200,2025-05-23T17:48:04.9496130+05:30
"https://jsonplaceholder.typicode.com/posts",157,200,2025-05-23T17:48:04.9647610+05:30
"https://jsonplaceholder.typicode.com/posts",161,200,2025-05-23T17:48:04.9863820+05:30
"https://jsonplaceholder.typicode.com/posts",161,200,2025-05-23T17:48:04.9926330+05:30
"https://jsonplaceholder.typicode.com/posts",162,200,2025-05-23T17:48:04.9939430+05:30
"https://jsonplaceholder.typicode.com/posts",163,200,2025-05-23T17:48:04.9961240+05:30
"https://jsonplaceholder.typicode.com/posts",164,200,2025-05-23T17:48:05.0046060+05:30
"https://jsonplaceholder.typicode.com/posts",169,200,2025-05-23T17:48:05.0064050+05:30
"https://jsonplaceholder.typicode.com/posts",175,200,2025-05-23T17:48:05.0536750+05:30
"https://jsonplaceholder.typicode.com/posts",176,200,2025-05-23T17:48:05.0702390+05:30
"https://jsonplaceholder.typicode.com/posts",173,200,2025-05-23T17:48:05.0805330+05:30
"https://jsonplaceholder.typicode.com/posts",181,200,2025-05-23T17:48:05.0873070+05:30
"https://jsonplaceholder.typicode.com/posts",179,200,2025-05-23T17:48:05.0946060+05:30
"https://jsonplaceholder.typicode.com/posts",163,200,2025-05-23T17:48:05.0967820+05:30
"https://jsonplaceholder.typicode.com/posts",167,200,2025-05-23T17:48:05.1037430+05:30
"https://jsonplaceholder.typicode.com/posts",161,200,2025-05-23T17:48:05.1125770+05:30
"https://jsonplaceholder.typicode.com/posts",176,200,2025-05-23T17:48:05.1154080+05:30
"https://jsonplaceholder.typicode.com/posts",175,200,2025-05-23T17:48:05.1158730+05:30
"https://jsonplaceholder.typicode.com/posts",178,200,2025-05-23T17:48:05.1225580+05:30
"https://jsonplaceholder.typicode.com/posts",179,200,2025-05-23T17:48:05.1225210+05:30
"https://jsonplaceholder.typicode.com/posts",158,200,2025-05-23T17:48:05.1245510+05:30
"https://jsonplaceholder.typicode.com/posts",179,200,2025-05-23T17:48:05.1238970+05:30
"https://jsonplaceholder.typicode.com/posts",159,200,2025-05-23T17:48:05.1473340+05:30
"https://jsonplaceholder.typicode.com/posts",158,200,2025-05-23T17:48:05.1522310+05:30
"https://jsonplaceholder.typicode.com/posts",164,200,2025-05-23T17:48:05.1596830+05:30
"https://jsonplaceholder.typicode.com/posts",162,200,2025-05-23T17:48:05.1596360+05:30
"https://jsonplaceholder.typicode.com/posts",163,200,2025-05-23T17:48:05.1705520+05:30
"https://jsonplaceholder.typicode.com/posts",164,200,2025-05-23T17:48:05.1706110+05:30
"https://jsonplaceholder.typicode.com/posts",179,200,2025-05-23T17:48:05.2354350+05:30
"https://jsonplaceholder.typicode.com/posts",177,200,2025-05-23T17:48:05.2492290+05:30
"https://jsonplaceholder.typicode.com/posts",174,200,2025-05-23T17:48:05.2570940+05:30
"https://jsonplaceholder.typicode.com/posts",160,200,2025-05-23T17:48:05.2584060+05:30
"https://jsonplaceholder.typicode.com/posts",176,200,2025-05-23T17:48:05.2646870+05:30
"https://jsonplaceholder.typicode.com/posts",160,200,2025-05-23T17:48:05.2655760+05:30
"https://jsonplaceholder.typicode.com/posts",177,200,2025-05-23T17:48:05.2731690+05:30
"https://jsonplaceholder.typicode.com/posts",161,200,2025-05-23T17:48:05.2747390+05:30
"https://jsonplaceholder.typicode.com/posts",158,200,2025-05-23T17:48:05.2829610+05:30
"https://jsonplaceholder.typicode.com/posts",176,200,2025-05-23T17:48:05.2932710+05:30
"https://jsonplaceholder.typicode.com/posts",176,200,2025-05-23T17:48:05.2940090+05:30
"https://jsonplaceholder.typicode.com/posts",176,200,2025-05-23T17:48:05.3016250+05:30
"https://jsonplaceholder.typicode.com/posts",176,200,2025-05-23T17:48:05.3021050+05:30
"https://jsonplaceholder.typicode.com/posts",176,200,2025-05-23T17:48:05.3034070+05:30
"https://jsonplaceholder.typicode.com/posts",159,200,2025-05-23T17:48:05.3083430+05:30
"https://jsonplaceholder.typicode.com/posts",161,200,2025-05-23T17:48:05.3154980+05:30
"https://jsonplaceholder.typicode.com/posts",160,200,2025-05-23T17:48:05.3226000+05:30
"https://jsonplaceholder.typicode.com/posts",161,200,2025-05-23T17:48:05.3227230+05:30
"https://jsonplaceholder.typicode.com/posts",162,200,2025-05-23T17:48:05.3347660+05:30
"https://jsonplaceholder.typicode.com/posts",161,200,2025-05-23T17:48:05.3347710+05:30
"https://jsonplaceholder.typicode.com/posts",175,200,2025-05-23T17:48:05.4135300+05:30
"https://jsonplaceholder.typicode.com/posts",161,200,2025-05-23T17:48:05.4216910+05:30
"https://jsonplaceholder.typicode.com/posts",176,200,2025-05-23T17:48:05.4277990+05:30
"https://jsonplaceholder.typicode.com/posts",162,200,2025-05-23T17:48:05.4283990+05:30
"https://jsonplaceholder.typicode.com/posts",177,200,2025-05-23T17:48:05.4377340+05:30
"https://jsonplaceholder.typicode.com/posts",162,200,2025-05-23T17:48:05.4382300+05:30
"https://jsonplaceholder.typicode.com/posts",156,200,2025-05-23T17:48:05.4416060+05:30
"https://jsonplaceholder.typicode.com/posts",174,200,2025-05-23T17:48:05.4416120+05:30
"https://jsonplaceholder.typicode.com/posts",176,200,2025-05-23T17:48:05.4512050+05:30
"https://jsonplaceholder.typicode.com/posts",174,200,2025-05-23T17:48:05.4704780+05:30
"https://jsonplaceholder.typicode.com/posts",172,200,2025-05-23T17:48:05.4688220+05:30
"https://jsonplaceholder.typicode.com/posts",167,200,2025-05-23T17:48:05.4767740+05:30
"https://jsonplaceholder.typicode.com/posts",173,200,2025-05-23T17:48:05.4778070+05:30
"https://jsonplaceholder.typicode.com/posts",175,200,2025-05-23T17:48:05.4786380+05:30
"https://jsonplaceholder.typicode.com/posts",162,200,2025-05-23T17:48:05.4786780+05:30
"https://jsonplaceholder.typicode.com/posts",174,200,2025-05-23T17:48:05.4793360+05:30
"https://jsonplaceholder.typicode.com/posts",159,200,2025-05-23T17:48:05.4844840+05:30
"https://jsonplaceholder.typicode.com/posts",162,200,2025-05-23T17:48:05.4860970+05:30
"https://jsonplaceholder.typicode.com/posts",161,200,2025-05-23T17:48:05.4975980+05:30
"https://jsonplaceholder.typicode.com/posts",162,200,2025-05-23T17:48:05.4999590+05:30
"https://jsonplaceholder.typicode.com/posts",162,200,2025-05-23T17:48:05.5855950+05:30
"https://jsonplaceholder.typicode.com/posts",174,200,2025-05-23T17:48:05.5900430+05:30
"https://jsonplaceholder.typicode.com/posts",162,200,2025-05-23T17:48:05.5915020+05:30
"https://jsonplaceholder.typicode.com/posts",160,200,2025-05-23T17:48:05.5996270+05:30
"https://jsonplaceholder.typicode.com/posts",156,200,2025-05-23T17:48:05.5997220+05:30
"https://jsonplaceholder.typicode.com/posts",172,200,2025-05-23T17:48:05.6026770+05:30
"https://jsonplaceholder.typicode.com/posts",175,200,2025-05-23T17:48:05.6153000+05:30
"https://jsonplaceholder.typicode.com/posts",175,200,2025-05-23T17:48:05.6188330+05:30
"https://jsonplaceholder.typicode.com/posts",180,200,2025-05-23T17:48:05.6332430+05:30
"https://jsonplaceholder.typicode.com/posts",160,200,2025-05-23T17:48:05.6396860+05:30
"https://jsonplaceholder.typicode.com/posts",159,200,2025-05-23T17:48:05.6417600+05:30
"https://jsonplaceholder.typicode.com/posts",170,200,2025-05-23T17:48:05.6437630+05:30
"https://jsonplaceholder.typicode.com/posts",172,200,2025-05-23T17:48:05.6438870+05:30
"https://jsonplaceholder.typicode.com/posts",164,200,2025-05-23T17:48:05.6514690+05:30
"https://jsonplaceholder.typicode.com/posts",165,200,2025-05-23T17:48:05.6515190+05:30
"https://jsonplaceholder.typicode.com/posts",175,200,2025-05-23T17:48:05.6538590+05:30
"https://jsonplaceholder.typicode.com/posts",175,200,2025-05-23T17:48:05.6554570+05:30
"https://jsonplaceholder.typicode.com/posts",175,200,2025-05-23T17:48:05.6568370+05:30
"https://jsonplaceholder.typicode.com/posts",163,200,2025-05-23T17:48:05.6623610+05:30
"https://jsonplaceholder.typicode.com/posts",166,200,2025-05-23T17:48:05.6681770+05:30
"https://jsonplaceholder.typicode.com/posts",164,200,2025-05-23T17:48:05.7515990+05:30
"https://jsonplaceholder.typicode.com/posts",162,200,2025-05-23T17:48:05.7554380+05:30
"https://jsonplaceholder.typicode.com/posts",162,200,2025-05-23T17:48:05.7633750+05:30
"https://jsonplaceholder.typicode.com/posts",161,200,2025-05-23T17:48:05.7634450+05:30
"https://jsonplaceholder.typicode.com/posts",183,200,2025-05-23T17:48:05.7744450+05:30
"https://jsonplaceholder.typicode.com/posts",174,200,2025-05-23T17:48:05.7781430+05:30
"https://jsonplaceholder.typicode.com/posts",174,200,2025-05-23T17:48:05.7911800+05:30
"https://jsonplaceholder.typicode.com/posts",175,200,2025-05-23T17:48:05.7954390+05:30
"https://jsonplaceholder.typicode.com/posts",159,200,2025-05-23T17:48:05.8024490+05:30
"https://jsonplaceholder.typicode.com/posts",162,200,2025-05-23T17:48:05.8034650+05:30
"https://jsonplaceholder.typicode.com/posts",175,200,2025-05-23T17:48:05.8106360+05:30
"https://jsonplaceholder.typicode.com/posts",160,200,2025-05-23T17:48:05.8127350+05:30
"https://jsonplaceholder.typicode.com/posts",164,200,2025-05-23T17:48:05.8178010+05:30
"https://jsonplaceholder.typicode.com/posts",173,200,2025-05-23T17:48:05.8184020+05:30
"https://jsonplaceholder.typicode.com/posts",174,200,2025-05-23T17:48:05.8203340+05:30
"https://jsonplaceholder.typicode.com/posts",161,200,2025-05-23T17:48:05.8249040+05:30
"https://jsonplaceholder.typicode.com/posts",174,200,2025-05-23T17:48:05.8305730+05:30