Endpoint,LatencyMs,StatusCode,Timestamp,anomaly
https://jsonplaceholder.typicode.com/posts,964,200,2025-05-23T17:48:03.8853150+05:30,-1
https://jsonplaceholder.typicode.com/posts,963,200,2025-05-23T17:48:03.8853240+05:30,-1
https://jsonplaceholder.typicode.com/posts,863,200,2025-05-23T17:48:03.8853200+05:30,-1
https://jsonplaceholder.typicode.com/posts,997,200,2025-05-23T17:48:03.9189650+05:30,-1
https://jsonplaceholder.typicode.com/posts,963,200,2025-05-23T17:48:03.8853110+05:30,-1
https://jsonplaceholder.typicode.com/posts,976,200,2025-05-23T17:48:03.8977230+05:30,-1
https://jsonplaceholder.typicode.com/posts,998,200,2025-05-23T17:48:03.9200070+05:30,-1
https://jsonplaceholder.typicode.com/posts,974,200,2025-05-23T17:48:03.8962030+05:30,-1
https://jsonplaceholder.typicode.com/posts,999,200,2025-05-23T17:48:03.9203970+05:30,-1
https://jsonplaceholder.typicode.com/posts,1000,200,2025-05-23T17:48:03.9213100+05:30,-1
https://jsonplaceholder.typicode.com/posts,1000,200,2025-05-23T17:48:03.9212810+05:30,-1
https://jsonplaceholder.typicode.com/posts,1000,200,2025-05-23T17:48:03.9210480+05:30,-1
https://jsonplaceholder.typicode.com/posts,1010,200,2025-05-23T17:48:03.9319140+05:30,-1
https://jsonplaceholder.typicode.com/posts,914,200,2025-05-23T17:48:03.9353260+05:30,-1
https://jsonplaceholder.typicode.com/posts,1015,200,2025-05-23T17:48:03.9360960+05:30,-1
https://jsonplaceholder.typicode.com/posts,1028,200,2025-05-23T17:48:03.9497450+05:30,-1
https://jsonplaceholder.typicode.com/posts,941,200,2025-05-23T17:48:03.9628480+05:30,-1
https://jsonplaceholder.typicode.com/posts,942,200,2025-05-23T17:48:03.9631620+05:30,-1
https://jsonplaceholder.typicode.com/posts,1042,200,2025-05-23T17:48:03.9639660+05:30,-1
https://jsonplaceholder.typicode.com/posts,1042,200,2025-05-23T17:48:03.9631870+05:30,-1
https://jsonplaceholder.typicode.com/posts,190,200,2025-05-23T17:48:04.1234850+05:30,-1
https://jsonplaceholder.typicode.com/posts,213,200,2025-05-23T17:48:04.1455040+05:30,-1
https://jsonplaceholder.typicode.com/posts,212,200,2025-05-23T17:48:04.1458260+05:30,-1
https://jsonplaceholder.typicode.com/posts,214,200,2025-05-23T17:48:04.1458560+05:30,-1
https://jsonplaceholder.typicode.com/posts,214,200,2025-05-23T17:48:04.1460930+05:30,-1
https://jsonplaceholder.typicode.com/posts,213,200,2025-05-23T17:48:04.1459420+05:30,-1
https://jsonplaceholder.typicode.com/posts,223,200,2025-05-23T17:48:04.1568580+05:30,-1
https://jsonplaceholder.typicode.com/posts,228,200,2025-05-23T17:48:04.1569140+05:30,-1
https://jsonplaceholder.typicode.com/posts,223,200,2025-05-23T17:48:04.1570440+05:30,-1
https://jsonplaceholder.typicode.com/posts,246,200,2025-05-23T17:48:04.1720640+05:30,-1
https://jsonplaceholder.typicode.com/posts,239,200,2025-05-23T17:48:04.1724700+05:30,-1
https://jsonplaceholder.typicode.com/posts,236,200,2025-05-23T17:48:04.1728970+05:30,-1
https://jsonplaceholder.typicode.com/posts,235,200,2025-05-23T17:48:04.1729730+05:30,-1
https://jsonplaceholder.typicode.com/posts,248,200,2025-05-23T17:48:04.1998480+05:30,-1
https://jsonplaceholder.typicode.com/posts,236,200,2025-05-23T17:48:04.2016540+05:30,-1
https://jsonplaceholder.typicode.com/posts,234,200,2025-05-23T17:48:04.2020630+05:30,-1
https://jsonplaceholder.typicode.com/posts,235,200,2025-05-23T17:48:04.2019260+05:30,-1
https://jsonplaceholder.typicode.com/posts,237,200,2025-05-23T17:48:04.2019290+05:30,-1
https://jsonplaceholder.typicode.com/posts,184,200,2025-05-23T17:48:04.3437320+05:30,-1
https://jsonplaceholder.typicode.com/posts,185,200,2025-05-23T17:48:04.3590590+05:30,-1
https://jsonplaceholder.typicode.com/posts,191,200,2025-05-23T17:48:04.3679410+05:30,-1
https://jsonplaceholder.typicode.com/posts,191,200,2025-05-23T17:48:04.3678860+05:30,-1
https://jsonplaceholder.typicode.com/posts,191,200,2025-05-23T17:48:04.3679070+05:30,-1
https://jsonplaceholder.typicode.com/posts,186,200,2025-05-23T17:48:04.3900440+05:30,-1
https://jsonplaceholder.typicode.com/posts,189,200,2025-05-23T17:48:04.3907540+05:30,-1
https://jsonplaceholder.typicode.com/posts,184,200,2025-05-23T17:48:04.3900860+05:30,-1
https://jsonplaceholder.typicode.com/posts,187,200,2025-05-23T17:48:04.3900690+05:30,-1
https://jsonplaceholder.typicode.com/posts,185,200,2025-05-23T17:48:04.3901260+05:30,-1
https://jsonplaceholder.typicode.com/posts,185,200,2025-05-23T17:48:04.5779390+05:30,-1
https://jsonplaceholder.typicode.com/posts,186,200,2025-05-23T17:48:04.5781140+05:30,-1
https://jsonplaceholder.typicode.com/posts,184,200,2025-05-23T17:48:04.5780030+05:30,-1
https://jsonplaceholder.typicode.com/posts,158,200,2025-05-23T17:48:04.8050850+05:30,-1
https://jsonplaceholder.typicode.com/posts,186,200,2025-05-23T17:48:04.9139610+05:30,-1
https://jsonplaceholder.typicode.com/posts,158,200,2025-05-23T17:48:04.9496130+05:30,-1
https://jsonplaceholder.typicode.com/posts,157,200,2025-05-23T17:48:04.9647610+05:30,-1
https://jsonplaceholder.typicode.com/posts,158,200,2025-05-23T17:48:05.1245510+05:30,-1
https://jsonplaceholder.typicode.com/posts,158,200,2025-05-23T17:48:05.1522310+05:30,-1
https://jsonplaceholder.typicode.com/posts,158,200,2025-05-23T17:48:05.2829610+05:30,-1
https://jsonplaceholder.typicode.com/posts,156,200,2025-05-23T17:48:05.4416060+05:30,-1
https://jsonplaceholder.typicode.com/posts,156,200,2025-05-23T17:48:05.5997220+05:30,-1
https://jsonplaceholder.typicode.com/posts,170,200,2025-05-23T17:48:05.6437630+05:30,-1
https://jsonplaceholder.typicode.com/posts,158,200,2025-05-23T17:48:05.9228070+05:30,-1
https://jsonplaceholder.typicode.com/posts,189,200,2025-05-23T17:48:06.0105970+05:30,-1
https://jsonplaceholder.typicode.com/posts,158,200,2025-05-23T17:48:06.1265940+05:30,-1
https://jsonplaceholder.typicode.com/posts,157,200,2025-05-23T17:48:06.2503700+05:30,-1
https://jsonplaceholder.typicode.com/posts,158,200,2025-05-23T17:48:06.2870130+05:30,-1
https://jsonplaceholder.typicode.com/posts,158,200,2025-05-23T17:48:06.4475520+05:30,-1
https://jsonplaceholder.typicode.com/posts,156,200,2025-05-23T17:48:06.5712550+05:30,-1
https://jsonplaceholder.typicode.com/posts,184,200,2025-05-23T17:48:06.7385260+05:30,-1
https://jsonplaceholder.typicode.com/posts,157,200,2025-05-23T17:48:07.0563200+05:30,-1
https://jsonplaceholder.typicode.com/posts,190,200,2025-05-23T17:48:07.0865890+05:30,-1
https://jsonplaceholder.typicode.com/posts,158,200,2025-05-23T17:48:07.0961300+05:30,-1
https://jsonplaceholder.typicode.com/posts,158,200,2025-05-23T17:48:07.2563420+05:30,-1
https://jsonplaceholder.typicode.com/posts,158,200,2025-05-23T17:48:07.2776360+05:30,-1
https://jsonplaceholder.typicode.com/posts,157,200,2025-05-23T17:48:07.3784280+05:30,-1
https://jsonplaceholder.typicode.com/posts,158,200,2025-05-23T17:48:07.4158440+05:30,-1
https://jsonplaceholder.typicode.com/posts,158,200,2025-05-23T17:48:07.8627030+05:30,-1
https://jsonplaceholder.typicode.com/posts,170,200,2025-05-23T17:48:07.9053620+05:30,-1
https://jsonplaceholder.typicode.com/posts,158,200,2025-05-23T17:48:08.0623220+05:30,-1
https://jsonplaceholder.typicode.com/posts,157,200,2025-05-23T17:48:08.1842060+05:30,-1
https://jsonplaceholder.typicode.com/posts,186,200,2025-05-23T17:48:08.3669090+05:30,-1
https://jsonplaceholder.typicode.com/posts,158,200,2025-05-23T17:48:08.3443120+05:30,-1
https://jsonplaceholder.typicode.com/posts,185,200,2025-05-23T17:48:08.5534470+05:30,-1
https://jsonplaceholder.typicode.com/posts,158,200,2025-05-23T17:48:08.7291740+05:30,-1
https://jsonplaceholder.typicode.com/posts,158,200,2025-05-23T17:48:08.7330430+05:30,-1
https://jsonplaceholder.typicode.com/posts,189,200,2025-05-23T17:48:08.7740600+05:30,-1
https://jsonplaceholder.typicode.com/posts,191,200,2025-05-23T17:48:08.8721520+05:30,-1
https://jsonplaceholder.typicode.com/posts,156,200,2025-05-23T17:48:08.8980900+05:30,-1
https://jsonplaceholder.typicode.com/posts,158,200,2025-05-23T17:48:09.0653480+05:30,-1
https://jsonplaceholder.typicode.com/posts,156,200,2025-05-23T17:48:09.2166110+05:30,-1
https://jsonplaceholder.typicode.com/posts,157,200,2025-05-23T17:48:09.3760860+05:30,-1
https://jsonplaceholder.typicode.com/posts,157,200,2025-05-23T17:48:09.5365470+05:30,-1
https://jsonplaceholder.typicode.com/posts,158,200,2025-05-23T17:48:09.8581210+05:30,-1
https://jsonplaceholder.typicode.com/posts,158,200,2025-05-23T17:48:10.0289580+05:30,-1
https://jsonplaceholder.typicode.com/posts,158,200,2025-05-23T17:48:10.2157410+05:30,-1
https://jsonplaceholder.typicode.com/posts,184,200,2025-05-23T17:48:10.2373180+05:30,-1
https://jsonplaceholder.typicode.com/posts,157,200,2025-05-23T17:48:10.3400940+05:30,-1
https://jsonplaceholder.typicode.com/posts,158,200,2025-05-23T17:48:10.3489120+05:30,-1
https://jsonplaceholder.typicode.com/posts,157,200,2025-05-23T17:48:10.4991630+05:30,-1
https://jsonplaceholder.typicode.com/posts,158,200,2025-05-23T17:48:10.5130280+05:30,-1
https://jsonplaceholder.typicode.com/posts,156,200,2025-05-23T17:48:10.8208810+05:30,-1
https://jsonplaceholder.typicode.com/posts,158,200,2025-05-23T17:48:11.0144940+05:30,-1
https://jsonplaceholder.typicode.com/posts,156,200,2025-05-23T17:48:11.1398300+05:30,-1
https://jsonplaceholder.typicode.com/posts,156,200,2025-05-23T17:48:11.2982530+05:30,-1
https://jsonplaceholder.typicode.com/posts,158,200,2025-05-23T17:48:11.6217850+05:30,-1
https://jsonplaceholder.typicode.com/posts,186,200,2025-05-23T17:48:11.8115320+05:30,-1
https://jsonplaceholder.typicode.com/posts,157,200,2025-05-23T17:48:11.9465780+05:30,-1
https://jsonplaceholder.typicode.com/posts,157,200,2025-05-23T17:48:12.2920620+05:30,-1
https://jsonplaceholder.typicode.com/posts,158,200,2025-05-23T17:48:12.4337500+05:30,-1
https://jsonplaceholder.typicode.com/posts,154,200,2025-05-23T17:48:12.5904510+05:30,-1
https://jsonplaceholder.typicode.com/posts,170,200,2025-05-23T17:48:12.6661740+05:30,-1
https://jsonplaceholder.typicode.com/posts,156,200,2025-05-23T17:48:12.7485250+05:30,-1
https://jsonplaceholder.typicode.com/posts,158,200,2025-05-23T17:48:12.7773230+05:30,-1
https://jsonplaceholder.typicode.com/posts,155,200,2025-05-23T17:48:13.2423690+05:30,-1
https://jsonplaceholder.typicode.com/posts,158,200,2025-05-23T17:48:13.2653500+05:30,-1
https://jsonplaceholder.typicode.com/posts,196,200,2025-05-23T17:48:13.2773580+05:30,-1
https://jsonplaceholder.typicode.com/posts,188,200,2025-05-23T17:48:13.4453930+05:30,-1
https://jsonplaceholder.typicode.com/posts,156,200,2025-05-23T17:48:13.5611190+05:30,-1
https://jsonplaceholder.typicode.com/posts,158,200,2025-05-23T17:48:13.5901030+05:30,-1
https://jsonplaceholder.typicode.com/posts,158,200,2025-05-23T17:48:13.7511300+05:30,-1
https://jsonplaceholder.typicode.com/posts,158,200,2025-05-23T17:48:13.8816520+05:30,-1
https://jsonplaceholder.typicode.com/posts,158,200,2025-05-23T17:48:13.9133920+05:30,-1
https://jsonplaceholder.typicode.com/posts,158,200,2025-05-23T17:48:13.9391690+05:30,-1
https://jsonplaceholder.typicode.com/posts,155,200,2025-05-23T17:48:14.0389160+05:30,-1
https://jsonplaceholder.typicode.com/posts,189,200,2025-05-23T17:48:14.1869810+05:30,-1
https://jsonplaceholder.typicode.com/posts,156,200,2025-05-23T17:48:14.1974940+05:30,-1
https://jsonplaceholder.typicode.com/posts,158,200,2025-05-23T17:48:14.2355570+05:30,-1
https://jsonplaceholder.typicode.com/posts,158,200,2025-05-23T17:48:14.5555590+05:30,-1
https://jsonplaceholder.typicode.com/posts,157,200,2025-05-23T17:48:14.6826200+05:30,-1
https://jsonplaceholder.typicode.com/posts,158,200,2025-05-23T17:48:14.7392140+05:30,-1
https://jsonplaceholder.typicode.com/posts,158,200,2025-05-23T17:48:14.8951350+05:30,-1
https://jsonplaceholder.typicode.com/posts,157,200,2025-05-23T17:48:15.0041170+05:30,-1
https://jsonplaceholder.typicode.com/posts,157,200,2025-05-23T17:48:15.1629990+05:30,-1
https://jsonplaceholder.typicode.com/posts,158,200,2025-05-23T17:48:15.2479350+05:30,-1
https://jsonplaceholder.typicode.com/posts,156,200,2025-05-23T17:48:15.3202700+05:30,-1
https://jsonplaceholder.typicode.com/posts,158,200,2025-05-23T17:48:15.4079060+05:30,-1
https://jsonplaceholder.typicode.com/posts,170,200,2025-05-23T17:48:15.6432120+05:30,-1
https://jsonplaceholder.typicode.com/posts,157,200,2025-05-23T17:48:15.8036520+05:30,-1
https://jsonplaceholder.typicode.com/posts,191,200,2025-05-23T17:48:15.9094100+05:30,-1
https://jsonplaceholder.typicode.com/posts,184,200,2025-05-23T17:48:15.9312700+05:30,-1
https://jsonplaceholder.typicode.com/posts,156,200,2025-05-23T17:48:15.9621420+05:30,-1
https://jsonplaceholder.typicode.com/posts,157,200,2025-05-23T17:48:16.2247430+05:30,-1
https://jsonplaceholder.typicode.com/posts,158,200,2025-05-23T17:48:16.2839070+05:30,-1
https://jsonplaceholder.typicode.com/posts,157,200,2025-05-23T17:48:16.5606240+05:30,-1
https://jsonplaceholder.typicode.com/posts,158,200,2025-05-23T17:48:16.6104280+05:30,-1
https://jsonplaceholder.typicode.com/posts,158,200,2025-05-23T17:48:16.6870960+05:30,-1
https://jsonplaceholder.typicode.com/posts,158,200,2025-05-23T17:48:16.7506310+05:30,-1
https://jsonplaceholder.typicode.com/posts,156,200,2025-05-23T17:48:16.7687580+05:30,-1
https://jsonplaceholder.typicode.com/posts,170,200,2025-05-23T17:48:16.8106920+05:30,-1
https://jsonplaceholder.typicode.com/posts,158,200,2025-05-23T17:48:16.9288410+05:30,-1
https://jsonplaceholder.typicode.com/posts,170,200,2025-05-23T17:48:17.0068270+05:30,-1
https://jsonplaceholder.typicode.com/posts,158,200,2025-05-23T17:48:17.0118550+05:30,-1
https://jsonplaceholder.typicode.com/posts,154,200,2025-05-23T17:48:17.0423190+05:30,-1
https://jsonplaceholder.typicode.com/posts,157,200,2025-05-23T17:48:17.0878240+05:30,-1
https://jsonplaceholder.typicode.com/posts,156,200,2025-05-23T17:48:17.2454720+05:30,-1
https://jsonplaceholder.typicode.com/posts,157,200,2025-05-23T17:48:17.4050840+05:30,-1
https://jsonplaceholder.typicode.com/posts,158,200,2025-05-23T17:48:17.5403550+05:30,-1
https://jsonplaceholder.typicode.com/posts,156,200,2025-05-23T17:48:17.5624550+05:30,-1
https://jsonplaceholder.typicode.com/posts,170,200,2025-05-23T17:48:17.6276740+05:30,-1
https://jsonplaceholder.typicode.com/posts,1017,200,2025-05-23T17:56:05.0133080+05:30,-1
https://jsonplaceholder.typicode.com/posts,1049,200,2025-05-23T17:56:05.0441220+05:30,-1
https://jsonplaceholder.typicode.com/posts,1050,200,2025-05-23T17:56:05.0460690+05:30,-1
https://jsonplaceholder.typicode.com/posts,1050,200,2025-05-23T17:56:05.0458530+05:30,-1
https://jsonplaceholder.typicode.com/posts,1051,200,2025-05-23T17:56:05.0467940+05:30,-1
https://jsonplaceholder.typicode.com/posts,1050,200,2025-05-23T17:56:05.0458310+05:30,-1
https://jsonplaceholder.typicode.com/posts,982,200,2025-05-23T17:56:05.0621420+05:30,-1
https://jsonplaceholder.typicode.com/posts,1066,200,2025-05-23T17:56:05.0622260+05:30,-1
https://jsonplaceholder.typicode.com/posts,982,200,2025-05-23T17:56:05.0622180+05:30,-1
https://jsonplaceholder.typicode.com/posts,1068,200,2025-05-23T17:56:05.0637860+05:30,-1
https://jsonplaceholder.typicode.com/posts,1068,200,2025-05-23T17:56:05.0637510+05:30,-1
https://jsonplaceholder.typicode.com/posts,1078,200,2025-05-23T17:56:05.0736870+05:30,-1
https://jsonplaceholder.typicode.com/posts,1092,200,2025-05-23T17:56:05.0878140+05:30,-1
https://jsonplaceholder.typicode.com/posts,1021,200,2025-05-23T17:56:05.1008590+05:30,-1
https://jsonplaceholder.typicode.com/posts,1105,200,2025-05-23T17:56:05.1008240+05:30,-1
https://jsonplaceholder.typicode.com/posts,1106,200,2025-05-23T17:56:05.1011550+05:30,-1
https://jsonplaceholder.typicode.com/posts,1021,200,2025-05-23T17:56:05.1011720+05:30,-1
https://jsonplaceholder.typicode.com/posts,184,200,2025-05-23T17:56:05.2333010+05:30,-1
https://jsonplaceholder.typicode.com/posts,206,200,2025-05-23T17:56:05.2543880+05:30,-1
https://jsonplaceholder.typicode.com/posts,203,200,2025-05-23T17:56:05.2556540+05:30,-1
https://jsonplaceholder.typicode.com/posts,202,200,2025-05-23T17:56:05.2554810+05:30,-1
https://jsonplaceholder.typicode.com/posts,203,200,2025-05-23T17:56:05.2558000+05:30,-1
https://jsonplaceholder.typicode.com/posts,203,200,2025-05-23T17:56:05.2559240+05:30,-1
https://jsonplaceholder.typicode.com/posts,218,200,2025-05-23T17:56:05.2858150+05:30,-1
https://jsonplaceholder.typicode.com/posts,218,200,2025-05-23T17:56:05.2859370+05:30,-1
https://jsonplaceholder.typicode.com/posts,218,200,2025-05-23T17:56:05.2860610+05:30,-1
https://jsonplaceholder.typicode.com/posts,220,200,2025-05-23T17:56:05.2859120+05:30,-1
https://jsonplaceholder.typicode.com/posts,222,200,2025-05-23T17:56:05.2858870+05:30,-1
https://jsonplaceholder.typicode.com/posts,223,200,2025-05-23T17:56:05.2983420+05:30,-1
https://jsonplaceholder.typicode.com/posts,209,200,2025-05-23T17:56:05.2985740+05:30,-1
https://jsonplaceholder.typicode.com/posts,212,200,2025-05-23T17:56:05.3176670+05:30,-1
https://jsonplaceholder.typicode.com/posts,212,200,2025-05-23T17:56:05.3182950+05:30,-1
https://jsonplaceholder.typicode.com/posts,213,200,2025-05-23T17:56:05.3184480+05:30,-1
https://jsonplaceholder.typicode.com/posts,215,200,2025-05-23T17:56:05.3185000+05:30,-1
https://jsonplaceholder.typicode.com/posts,170,200,2025-05-23T17:56:05.4615290+05:30,-1
https://jsonplaceholder.typicode.com/posts,184,200,2025-05-23T17:56:05.4716590+05:30,-1
https://jsonplaceholder.typicode.com/posts,187,200,2025-05-23T17:56:05.4868550+05:30,-1
https://jsonplaceholder.typicode.com/posts,186,200,2025-05-23T17:56:05.5084630+05:30,-1
https://jsonplaceholder.typicode.com/posts,157,200,2025-05-23T17:56:05.5947200+05:30,-1
https://jsonplaceholder.typicode.com/posts,1783,200,2025-05-23T17:56:05.7786050+05:30,-1
https://jsonplaceholder.typicode.com/posts,170,200,2025-05-23T17:56:05.7787550+05:30,-1
https://jsonplaceholder.typicode.com/posts,186,200,2025-05-23T17:56:05.8511110+05:30,-1
https://jsonplaceholder.typicode.com/posts,1907,200,2025-05-23T17:56:05.9026460+05:30,-1
https://jsonplaceholder.typicode.com/posts,191,200,2025-05-23T17:56:05.9746060+05:30,-1
https://jsonplaceholder.typicode.com/posts,170,200,2025-05-23T17:56:05.9754960+05:30,-1
https://jsonplaceholder.typicode.com/posts,170,200,2025-05-23T17:56:06.1493730+05:30,-1
https://jsonplaceholder.typicode.com/posts,170,200,2025-05-23T17:56:06.1467560+05:30,-1
https://jsonplaceholder.typicode.com/posts,2164,200,2025-05-23T17:56:06.1603410+05:30,-1
https://jsonplaceholder.typicode.com/posts,170,200,2025-05-23T17:56:06.1839660+05:30,-1
https://jsonplaceholder.typicode.com/posts,186,200,2025-05-23T17:56:06.2223440+05:30,-1
https://jsonplaceholder.typicode.com/posts,184,200,2025-05-23T17:56:06.7755610+05:30,-1
https://jsonplaceholder.typicode.com/posts,170,200,2025-05-23T17:56:07.1093710+05:30,-1
https://jsonplaceholder.typicode.com/posts,184,200,2025-05-23T17:56:07.3304490+05:30,-1
https://jsonplaceholder.typicode.com/posts,184,200,2025-05-23T17:56:07.5162360+05:30,-1
https://jsonplaceholder.typicode.com/posts,170,200,2025-05-23T17:56:07.6765160+05:30,-1
https://jsonplaceholder.typicode.com/posts,191,200,2025-05-23T17:56:07.7092270+05:30,-1
https://jsonplaceholder.typicode.com/posts,170,200,2025-05-23T17:56:08.0372050+05:30,-1
https://jsonplaceholder.typicode.com/posts,157,200,2025-05-23T17:56:08.2220890+05:30,-1
https://jsonplaceholder.typicode.com/posts,187,200,2025-05-23T17:56:08.2660870+05:30,-1
https://jsonplaceholder.typicode.com/posts,184,200,2025-05-23T17:56:08.3172230+05:30,-1
https://jsonplaceholder.typicode.com/posts,184,200,2025-05-23T17:56:08.4512350+05:30,-1
https://jsonplaceholder.typicode.com/posts,170,200,2025-05-23T17:56:09.3308600+05:30,-1
https://jsonplaceholder.typicode.com/posts,170,200,2025-05-23T17:56:09.6788900+05:30,-1
https://jsonplaceholder.typicode.com/posts,170,200,2025-05-23T17:56:09.8081930+05:30,-1
https://jsonplaceholder.typicode.com/posts,184,200,2025-05-23T17:56:10.0585180+05:30,-1
https://jsonplaceholder.typicode.com/posts,184,200,2025-05-23T17:56:10.0942100+05:30,-1
https://jsonplaceholder.typicode.com/posts,184,200,2025-05-23T17:56:10.2438470+05:30,-1
https://jsonplaceholder.typicode.com/posts,170,200,2025-05-23T17:56:10.3730220+05:30,-1
https://jsonplaceholder.typicode.com/posts,188,200,2025-05-23T17:56:10.7926760+05:30,-1
https://jsonplaceholder.typicode.com/posts,185,200,2025-05-23T17:56:11.0061940+05:30,-1
https://jsonplaceholder.typicode.com/posts,185,200,2025-05-23T17:56:11.1598220+05:30,-1
https://jsonplaceholder.typicode.com/posts,184,200,2025-05-23T17:56:11.7437200+05:30,-1
https://jsonplaceholder.typicode.com/posts,185,200,2025-05-23T17:56:11.9305440+05:30,-1
https://jsonplaceholder.typicode.com/posts,170,200,2025-05-23T17:56:11.9983670+05:30,-1
https://jsonplaceholder.typicode.com/posts,188,200,2025-05-23T17:56:12.1191030+05:30,-1
https://jsonplaceholder.typicode.com/posts,184,200,2025-05-23T17:56:12.3922560+05:30,-1
https://jsonplaceholder.typicode.com/posts,187,200,2025-05-23T17:56:12.4327960+05:30,-1
https://jsonplaceholder.typicode.com/posts,185,200,2025-05-23T17:56:12.4328330+05:30,-1
https://jsonplaceholder.typicode.com/posts,170,200,2025-05-23T17:56:12.9245170+05:30,-1
https://jsonplaceholder.typicode.com/posts,196,200,2025-05-23T17:56:13.1309270+05:30,-1
https://jsonplaceholder.typicode.com/posts,187,200,2025-05-23T17:56:13.4061800+05:30,-1
https://jsonplaceholder.typicode.com/posts,158,200,2025-05-23T17:56:13.5294520+05:30,-1
https://jsonplaceholder.typicode.com/posts,184,200,2025-05-23T17:56:13.5916610+05:30,-1
https://jsonplaceholder.typicode.com/posts,191,200,2025-05-23T17:56:13.9668080+05:30,-1
https://jsonplaceholder.typicode.com/posts,192,200,2025-05-23T17:56:14.0222630+05:30,-1
https://jsonplaceholder.typicode.com/posts,185,200,2025-05-23T17:56:14.0574620+05:30,-1
https://jsonplaceholder.typicode.com/posts,184,200,2025-05-23T17:56:14.5161980+05:30,-1
https://jsonplaceholder.typicode.com/posts,186,200,2025-05-23T17:56:14.8881540+05:30,-1
https://jsonplaceholder.typicode.com/posts,184,200,2025-05-23T17:56:14.9643900+05:30,-1
https://jsonplaceholder.typicode.com/posts,184,200,2025-05-23T17:56:14.9785740+05:30,-1
https://jsonplaceholder.typicode.com/posts,185,200,2025-05-23T17:56:15.2592020+05:30,-1
https://jsonplaceholder.typicode.com/posts,184,200,2025-05-23T17:56:15.4444720+05:30,-1
https://jsonplaceholder.typicode.com/posts,187,200,2025-05-23T17:56:15.5323310+05:30,-1
https://jsonplaceholder.typicode.com/posts,185,200,2025-05-23T17:56:15.6315180+05:30,-1
https://jsonplaceholder.typicode.com/posts,158,200,2025-05-23T17:56:15.6952740+05:30,-1
https://jsonplaceholder.typicode.com/posts,187,200,2025-05-23T17:56:15.8205110+05:30,-1
https://jsonplaceholder.typicode.com/posts,170,200,2025-05-23T17:56:16.0453310+05:30,-1
https://jsonplaceholder.typicode.com/posts,170,200,2025-05-23T17:56:16.0498840+05:30,-1
https://jsonplaceholder.typicode.com/posts,188,200,2025-05-23T17:56:16.2393950+05:30,-1
https://jsonplaceholder.typicode.com/posts,191,200,2025-05-23T17:56:16.3779650+05:30,-1
https://jsonplaceholder.typicode.com/posts,158,200,2025-05-23T17:56:16.3856880+05:30,-1
https://jsonplaceholder.typicode.com/posts,188,200,2025-05-23T17:56:16.4470520+05:30,-1
https://jsonplaceholder.typicode.com/posts,170,200,2025-05-23T17:56:16.5813350+05:30,-1
https://jsonplaceholder.typicode.com/posts,170,200,2025-05-23T17:56:16.7541180+05:30,-1
https://jsonplaceholder.typicode.com/posts,184,200,2025-05-23T17:56:16.7771480+05:30,-1
https://jsonplaceholder.typicode.com/posts,170,200,2025-05-23T17:56:16.8112970+05:30,-1
https://jsonplaceholder.typicode.com/posts,241,200,2025-05-23T17:56:17.2226310+05:30,-1
https://jsonplaceholder.typicode.com/posts,236,200,2025-05-23T17:56:17.2271450+05:30,-1
https://jsonplaceholder.typicode.com/posts,223,200,2025-05-23T17:56:17.2273340+05:30,-1
https://jsonplaceholder.typicode.com/posts,222,200,2025-05-23T17:56:17.2272160+05:30,-1
https://jsonplaceholder.typicode.com/posts,256,200,2025-05-23T17:56:17.2271200+05:30,-1
https://jsonplaceholder.typicode.com/posts,266,200,2025-05-23T17:56:17.2268170+05:30,-1
https://jsonplaceholder.typicode.com/posts,185,200,2025-05-23T17:56:17.2276390+05:30,-1
https://jsonplaceholder.typicode.com/posts,219,200,2025-05-23T17:56:17.2273180+05:30,-1
https://jsonplaceholder.typicode.com/posts,232,200,2025-05-23T17:56:17.2275340+05:30,-1
https://jsonplaceholder.typicode.com/posts,214,200,2025-05-23T17:56:17.2274310+05:30,-1
https://jsonplaceholder.typicode.com/posts,184,200,2025-05-23T17:56:17.4286690+05:30,-1
https://jsonplaceholder.typicode.com/posts,170,200,2025-05-23T17:56:18.1200860+05:30,-1
https://jsonplaceholder.typicode.com/posts,188,200,2025-05-23T17:56:18.1599250+05:30,-1
https://jsonplaceholder.typicode.com/posts,170,200,2025-05-23T17:56:18.4404790+05:30,-1
https://jsonplaceholder.typicode.com/posts,158,200,2025-05-23T17:56:18.9120610+05:30,-1
https://jsonplaceholder.typicode.com/posts,922,200,2025-05-23T17:56:57.9393120+05:30,-1
https://jsonplaceholder.typicode.com/posts,895,200,2025-05-23T17:56:57.9125270+05:30,-1
https://jsonplaceholder.typicode.com/posts,812,200,2025-05-23T17:56:57.9125480+05:30,-1
https://jsonplaceholder.typicode.com/posts,891,200,2025-05-23T17:56:57.9077590+05:30,-1
https://jsonplaceholder.typicode.com/posts,894,200,2025-05-23T17:56:57.9111450+05:30,-1
https://jsonplaceholder.typicode.com/posts,923,200,2025-05-23T17:56:57.9395340+05:30,-1
https://jsonplaceholder.typicode.com/posts,922,200,2025-05-23T17:56:57.9392600+05:30,-1
https://jsonplaceholder.typicode.com/posts,903,200,2025-05-23T17:56:57.9198750+05:30,-1
https://jsonplaceholder.typicode.com/posts,922,200,2025-05-23T17:56:57.9392440+05:30,-1
https://jsonplaceholder.typicode.com/posts,852,200,2025-05-23T17:56:57.9530890+05:30,-1
https://jsonplaceholder.typicode.com/posts,936,200,2025-05-23T17:56:57.9533920+05:30,-1
https://jsonplaceholder.typicode.com/posts,936,200,2025-05-23T17:56:57.9533610+05:30,-1
https://jsonplaceholder.typicode.com/posts,957,200,2025-05-23T17:56:57.9739450+05:30,-1
https://jsonplaceholder.typicode.com/posts,958,200,2025-05-23T17:56:57.9745890+05:30,-1
https://jsonplaceholder.typicode.com/posts,894,200,2025-05-23T17:56:57.9946200+05:30,-1
https://jsonplaceholder.typicode.com/posts,978,200,2025-05-23T17:56:57.9949110+05:30,-1
https://jsonplaceholder.typicode.com/posts,979,200,2025-05-23T17:56:57.9955920+05:30,-1
https://jsonplaceholder.typicode.com/posts,895,200,2025-05-23T17:56:57.9958200+05:30,-1
https://jsonplaceholder.typicode.com/posts,981,200,2025-05-23T17:56:57.9980070+05:30,-1
https://jsonplaceholder.typicode.com/posts,981,200,2025-05-23T17:56:57.9980190+05:30,-1
https://jsonplaceholder.typicode.com/posts,192,200,2025-05-23T17:56:58.1420270+05:30,-1
https://jsonplaceholder.typicode.com/posts,224,200,2025-05-23T17:56:58.1774410+05:30,-1
https://jsonplaceholder.typicode.com/posts,224,200,2025-05-23T17:56:58.1776060+05:30,-1
https://jsonplaceholder.typicode.com/posts,228,200,2025-05-23T17:56:58.1774650+05:30,-1
https://jsonplaceholder.typicode.com/posts,224,200,2025-05-23T17:56:58.1774650+05:30,-1
https://jsonplaceholder.typicode.com/posts,224,200,2025-05-23T17:56:58.1774840+05:30,-1
https://jsonplaceholder.typicode.com/posts,239,200,2025-05-23T17:56:58.1916740+05:30,-1
https://jsonplaceholder.typicode.com/posts,239,200,2025-05-23T17:56:58.1922930+05:30,-1
https://jsonplaceholder.typicode.com/posts,252,200,2025-05-23T17:56:58.2087170+05:30,-1
https://jsonplaceholder.typicode.com/posts,252,200,2025-05-23T17:56:58.2090850+05:30,-1
https://jsonplaceholder.typicode.com/posts,254,200,2025-05-23T17:56:58.2090920+05:30,-1
https://jsonplaceholder.typicode.com/posts,246,200,2025-05-23T17:56:58.2232770+05:30,-1
https://jsonplaceholder.typicode.com/posts,269,200,2025-05-23T17:56:58.2450430+05:30,-1
https://jsonplaceholder.typicode.com/posts,249,200,2025-05-23T17:56:58.2471120+05:30,-1
https://jsonplaceholder.typicode.com/posts,263,200,2025-05-23T17:56:58.2635580+05:30,-1
https://jsonplaceholder.typicode.com/posts,267,200,2025-05-23T17:56:58.2635050+05:30,-1
https://jsonplaceholder.typicode.com/posts,263,200,2025-05-23T17:56:58.2638690+05:30,-1
https://jsonplaceholder.typicode.com/posts,264,200,2025-05-23T17:56:58.2635310+05:30,-1
https://jsonplaceholder.typicode.com/posts,261,200,2025-05-23T17:56:58.2635030+05:30,-1
https://jsonplaceholder.typicode.com/posts,189,200,2025-05-23T17:56:58.3992730+05:30,-1
https://jsonplaceholder.typicode.com/posts,188,200,2025-05-23T17:56:58.4125620+05:30,-1
https://jsonplaceholder.typicode.com/posts,191,200,2025-05-23T17:56:58.4379520+05:30,-1
https://jsonplaceholder.typicode.com/posts,198,200,2025-05-23T17:56:58.4470400+05:30,-1
https://jsonplaceholder.typicode.com/posts,190,200,2025-05-23T17:56:58.4592120+05:30,-1
https://jsonplaceholder.typicode.com/posts,190,200,2025-05-23T17:56:58.4592900+05:30,-1
https://jsonplaceholder.typicode.com/posts,191,200,2025-05-23T17:56:58.4592780+05:30,-1
https://jsonplaceholder.typicode.com/posts,157,200,2025-05-23T17:56:58.5293410+05:30,-1
https://jsonplaceholder.typicode.com/posts,186,200,2025-05-23T17:56:58.6351620+05:30,-1
https://jsonplaceholder.typicode.com/posts,187,200,2025-05-23T17:56:58.6371650+05:30,-1
https://jsonplaceholder.typicode.com/posts,184,200,2025-05-23T17:56:58.6452010+05:30,-1
https://jsonplaceholder.typicode.com/posts,189,200,2025-05-23T17:56:58.8347300+05:30,-1
https://jsonplaceholder.typicode.com/posts,187,200,2025-05-23T17:56:58.8347370+05:30,-1
https://jsonplaceholder.typicode.com/posts,158,200,2025-05-23T17:56:58.8533050+05:30,-1
https://jsonplaceholder.typicode.com/posts,170,200,2025-05-23T17:56:58.8801810+05:30,-1
https://jsonplaceholder.typicode.com/posts,184,200,2025-05-23T17:56:59.0152770+05:30,-1
https://jsonplaceholder.typicode.com/posts,184,200,2025-05-23T17:56:59.0212090+05:30,-1
https://jsonplaceholder.typicode.com/posts,157,200,2025-05-23T17:56:59.1302590+05:30,-1
https://jsonplaceholder.typicode.com/posts,158,200,2025-05-23T17:56:59.1812790+05:30,-1
https://jsonplaceholder.typicode.com/posts,170,200,2025-05-23T17:56:59.2101660+05:30,-1
https://jsonplaceholder.typicode.com/posts,190,200,2025-05-23T17:56:59.2131470+05:30,-1
https://jsonplaceholder.typicode.com/posts,156,200,2025-05-23T17:56:59.3391700+05:30,-1
https://jsonplaceholder.typicode.com/posts,190,200,2025-05-23T17:56:59.7435550+05:30,-1
https://jsonplaceholder.typicode.com/posts,156,200,2025-05-23T17:56:59.8203550+05:30,-1
https://jsonplaceholder.typicode.com/posts,186,200,2025-05-23T17:56:59.9481600+05:30,-1
https://jsonplaceholder.typicode.com/posts,158,200,2025-05-23T17:56:59.9802080+05:30,-1
https://jsonplaceholder.typicode.com/posts,170,200,2025-05-23T17:56:59.9870540+05:30,-1
https://jsonplaceholder.typicode.com/posts,185,200,2025-05-23T17:57:00.1347050+05:30,-1
https://jsonplaceholder.typicode.com/posts,186,200,2025-05-23T17:57:00.2971570+05:30,-1
https://jsonplaceholder.typicode.com/posts,158,200,2025-05-23T17:57:00.3009910+05:30,-1
https://jsonplaceholder.typicode.com/posts,184,200,2025-05-23T17:57:00.4751670+05:30,-1
https://jsonplaceholder.typicode.com/posts,170,200,2025-05-23T17:57:00.5611130+05:30,-1
https://jsonplaceholder.typicode.com/posts,184,200,2025-05-23T17:57:00.6831310+05:30,-1
https://jsonplaceholder.typicode.com/posts,184,200,2025-05-23T17:57:00.8383360+05:30,-1
https://jsonplaceholder.typicode.com/posts,170,200,2025-05-23T17:57:00.9484850+05:30,-1
https://jsonplaceholder.typicode.com/posts,158,200,2025-05-23T17:57:01.1200460+05:30,-1
https://jsonplaceholder.typicode.com/posts,158,200,2025-05-23T17:57:01.2810540+05:30,-1
https://jsonplaceholder.typicode.com/posts,184,200,2025-05-23T17:57:01.4200290+05:30,-1
https://jsonplaceholder.typicode.com/posts,184,200,2025-05-23T17:57:01.6661250+05:30,-1
https://jsonplaceholder.typicode.com/posts,157,200,2025-05-23T17:57:01.7666180+05:30,-1
https://jsonplaceholder.typicode.com/posts,188,200,2025-05-23T17:57:01.7944760+05:30,-1
https://jsonplaceholder.typicode.com/posts,170,200,2025-05-23T17:57:01.9182130+05:30,-1
https://jsonplaceholder.typicode.com/posts,184,200,2025-05-23T17:57:01.9813620+05:30,-1
https://jsonplaceholder.typicode.com/posts,189,200,2025-05-23T17:57:02.1197020+05:30,-1
https://jsonplaceholder.typicode.com/posts,158,200,2025-05-23T17:57:02.2526490+05:30,-1
https://jsonplaceholder.typicode.com/posts,185,200,2025-05-23T17:57:02.3922470+05:30,-1
https://jsonplaceholder.typicode.com/posts,186,200,2025-05-23T17:57:02.5381510+05:30,-1
https://jsonplaceholder.typicode.com/posts,185,200,2025-05-23T17:57:02.7251170+05:30,-1
https://jsonplaceholder.typicode.com/posts,170,200,2025-05-23T17:57:02.7586040+05:30,-1
https://jsonplaceholder.typicode.com/posts,185,200,2025-05-23T17:57:02.8220520+05:30,-1
https://jsonplaceholder.typicode.com/posts,184,200,2025-05-23T17:57:02.9108460+05:30,-1
https://jsonplaceholder.typicode.com/posts,186,200,2025-05-23T17:57:03.0987030+05:30,-1
https://jsonplaceholder.typicode.com/posts,158,200,2025-05-23T17:57:03.2425040+05:30,-1
https://jsonplaceholder.typicode.com/posts,184,200,2025-05-23T17:57:03.6529920+05:30,-1
https://jsonplaceholder.typicode.com/posts,157,200,2025-05-23T17:57:03.7340330+05:30,-1
https://jsonplaceholder.typicode.com/posts,184,200,2025-05-23T17:57:03.7574060+05:30,-1
https://jsonplaceholder.typicode.com/posts,188,200,2025-05-23T17:57:04.0260730+05:30,-1
https://jsonplaceholder.typicode.com/posts,189,200,2025-05-23T17:57:04.2169400+05:30,-1
https://jsonplaceholder.typicode.com/posts,157,200,2025-05-23T17:57:04.3793250+05:30,-1
https://jsonplaceholder.typicode.com/posts,170,200,2025-05-23T17:57:04.5038520+05:30,-1
https://jsonplaceholder.typicode.com/posts,193,200,2025-05-23T17:57:04.5612080+05:30,-1
https://jsonplaceholder.typicode.com/posts,184,200,2025-05-23T17:57:04.5876040+05:30,-1
https://jsonplaceholder.typicode.com/posts,189,200,2025-05-23T17:57:04.6189350+05:30,-1
https://jsonplaceholder.typicode.com/posts,190,200,2025-05-23T17:57:04.6819670+05:30,-1
https://jsonplaceholder.typicode.com/posts,157,200,2025-05-23T17:57:04.6984260+05:30,-1
https://jsonplaceholder.typicode.com/posts,170,200,2025-05-23T17:57:04.7550460+05:30,-1
https://jsonplaceholder.typicode.com/posts,184,200,2025-05-23T17:57:04.7746730+05:30,-1
https://jsonplaceholder.typicode.com/posts,185,200,2025-05-23T17:57:04.8422720+05:30,-1
https://jsonplaceholder.typicode.com/posts,170,200,2025-05-23T17:57:04.9766440+05:30,-1
https://jsonplaceholder.typicode.com/posts,157,200,2025-05-23T17:57:05.1874270+05:30,-1
https://jsonplaceholder.typicode.com/posts,185,200,2025-05-23T17:57:05.3283200+05:30,-1
https://jsonplaceholder.typicode.com/posts,157,200,2025-05-23T17:57:05.3462350+05:30,-1
https://jsonplaceholder.typicode.com/posts,156,200,2025-05-23T17:57:05.5043420+05:30,-1
https://jsonplaceholder.typicode.com/posts,184,200,2025-05-23T17:57:05.6415050+05:30,-1
https://jsonplaceholder.typicode.com/posts,156,200,2025-05-23T17:57:05.6624900+05:30,-1
https://jsonplaceholder.typicode.com/posts,185,200,2025-05-23T17:57:05.6946130+05:30,-1
https://jsonplaceholder.typicode.com/posts,188,200,2025-05-23T17:57:05.7742200+05:30,-1
https://jsonplaceholder.typicode.com/posts,158,200,2025-05-23T17:57:05.8230470+05:30,-1
https://jsonplaceholder.typicode.com/posts,185,200,2025-05-23T17:57:05.9605330+05:30,-1
https://jsonplaceholder.typicode.com/posts,185,200,2025-05-23T17:57:06.2490480+05:30,-1
https://jsonplaceholder.typicode.com/posts,156,200,2025-05-23T17:57:06.3082160+05:30,-1
https://jsonplaceholder.typicode.com/posts,157,200,2025-05-23T17:57:06.4670670+05:30,-1
https://jsonplaceholder.typicode.com/posts,185,200,2025-05-23T17:57:06.6180580+05:30,-1
https://jsonplaceholder.typicode.com/posts,184,200,2025-05-23T17:57:06.6950850+05:30,-1
https://jsonplaceholder.typicode.com/posts,155,200,2025-05-23T17:57:06.7853950+05:30,-1
https://jsonplaceholder.typicode.com/posts,185,200,2025-05-23T17:57:06.7862330+05:30,-1
https://jsonplaceholder.typicode.com/posts,170,200,2025-05-23T17:57:07.1326210+05:30,-1
https://jsonplaceholder.typicode.com/posts,170,200,2025-05-23T17:57:07.2218450+05:30,-1
https://jsonplaceholder.typicode.com/posts,156,200,2025-05-23T17:57:07.4359760+05:30,-1
https://jsonplaceholder.typicode.com/posts,184,200,2025-05-23T17:57:07.5756270+05:30,-1
https://jsonplaceholder.typicode.com/posts,186,200,2025-05-23T17:57:07.6102890+05:30,-1
https://jsonplaceholder.typicode.com/posts,170,200,2025-05-23T17:57:07.8328400+05:30,-1
https://jsonplaceholder.typicode.com/posts,157,200,2025-05-23T17:57:08.0810510+05:30,-1
https://jsonplaceholder.typicode.com/posts,158,200,2025-05-23T17:57:08.4018430+05:30,-1
https://jsonplaceholder.typicode.com/posts,186,200,2025-05-23T17:57:08.4282020+05:30,-1
https://jsonplaceholder.typicode.com/posts,157,200,2025-05-23T17:57:08.5609560+05:30,-1
https://jsonplaceholder.typicode.com/posts,185,200,2025-05-23T17:57:08.6341020+05:30,-1
https://jsonplaceholder.typicode.com/posts,158,200,2025-05-23T17:57:08.7450540+05:30,-1
https://jsonplaceholder.typicode.com/posts,170,200,2025-05-23T17:57:08.8141180+05:30,-1
https://jsonplaceholder.typicode.com/posts,184,200,2025-05-23T17:57:08.8499140+05:30,-1
https://jsonplaceholder.typicode.com/posts,184,200,2025-05-23T17:57:09.0266650+05:30,-1
https://jsonplaceholder.typicode.com/posts,158,200,2025-05-23T17:57:09.0659770+05:30,-1
https://jsonplaceholder.typicode.com/posts,184,200,2025-05-23T17:57:09.1841140+05:30,-1
https://jsonplaceholder.typicode.com/posts,156,200,2025-05-23T17:57:09.2237190+05:30,-1
https://jsonplaceholder.typicode.com/posts,185,200,2025-05-23T17:57:09.3704800+05:30,-1
https://jsonplaceholder.typicode.com/posts,157,200,2025-05-23T17:57:09.5445840+05:30,-1
https://jsonplaceholder.typicode.com/posts,184,200,2025-05-23T17:57:09.5568050+05:30,-1
https://jsonplaceholder.typicode.com/posts,191,200,2025-05-23T17:57:09.6302600+05:30,-1
https://jsonplaceholder.typicode.com/posts,156,200,2025-05-23T17:57:09.7030550+05:30,-1
https://jsonplaceholder.typicode.com/posts,185,200,2025-05-23T17:57:09.7740490+05:30,-1
https://jsonplaceholder.typicode.com/posts,210,200,2025-05-23T17:57:09.8420780+05:30,-1
https://jsonplaceholder.typicode.com/posts,188,200,2025-05-23T17:57:09.9312650+05:30,-1
https://jsonplaceholder.typicode.com/posts,158,200,2025-05-23T17:57:10.0259890+05:30,-1
https://jsonplaceholder.typicode.com/posts,190,200,2025-05-23T17:57:10.1231640+05:30,-1
https://jsonplaceholder.typicode.com/posts,188,200,2025-05-23T17:57:10.3125810+05:30,-1
https://jsonplaceholder.typicode.com/posts,184,200,2025-05-23T17:57:10.3969200+05:30,-1
https://jsonplaceholder.typicode.com/posts,185,200,2025-05-23T17:57:10.4888310+05:30,-1
https://jsonplaceholder.typicode.com/posts,189,200,2025-05-23T17:57:10.4915950+05:30,-1
https://jsonplaceholder.typicode.com/posts,185,200,2025-05-23T17:57:10.5048560+05:30,-1
https://jsonplaceholder.typicode.com/posts,192,200,2025-05-23T17:57:10.5064340+05:30,-1
https://jsonplaceholder.typicode.com/posts,157,200,2025-05-23T17:57:10.5064620+05:30,-1
https://jsonplaceholder.typicode.com/posts,170,200,2025-05-23T17:57:10.5382990+05:30,-1
https://jsonplaceholder.typicode.com/posts,157,200,2025-05-23T17:57:10.6654540+05:30,-1
https://jsonplaceholder.typicode.com/posts,190,200,2025-05-23T17:57:10.6694500+05:30,-1
https://jsonplaceholder.typicode.com/posts,184,200,2025-05-23T17:57:10.6938800+05:30,-1
https://jsonplaceholder.typicode.com/posts,186,200,2025-05-23T17:57:10.7749230+05:30,-1
https://jsonplaceholder.typicode.com/posts,187,200,2025-05-23T17:57:10.8825720+05:30,-1
https://jsonplaceholder.typicode.com/posts,158,200,2025-05-23T17:57:10.9849840+05:30,-1
https://jsonplaceholder.typicode.com/posts,187,200,2025-05-23T17:57:11.2559400+05:30,-1
https://jsonplaceholder.typicode.com/posts,157,200,2025-05-23T17:57:11.3055180+05:30,-1
https://jsonplaceholder.typicode.com/posts,186,200,2025-05-23T17:57:11.3121870+05:30,-1
https://jsonplaceholder.typicode.com/posts,184,200,2025-05-23T17:57:11.4416430+05:30,-1
https://jsonplaceholder.typicode.com/posts,189,200,2025-05-23T17:57:11.5778290+05:30,-1
https://jsonplaceholder.typicode.com/posts,186,200,2025-05-23T17:57:11.5777760+05:30,-1
https://jsonplaceholder.typicode.com/posts,186,200,2025-05-23T17:57:11.6283090+05:30,-1
https://jsonplaceholder.typicode.com/posts,170,200,2025-05-23T17:57:11.6641110+05:30,-1
https://jsonplaceholder.typicode.com/posts,187,200,2025-05-23T17:57:11.8172680+05:30,-1
https://jsonplaceholder.typicode.com/posts,184,200,2025-05-23T17:57:11.8624650+05:30,-1
https://jsonplaceholder.typicode.com/posts,184,200,2025-05-23T17:57:12.0212500+05:30,-1
